Size,Time
1000,0.07578
2000,0.27957
3000,0.61820
4000,1.00254
5000,1.57323
6000,2.24731
7000,2.97198
8000,4.00653
9000,5.00066
10000,6.11378